flickr_id,mos,width,height,pixfmt,framerate,nb_frames,bitdepth,bitrate
3339962845,4.64,960,540,yuv420p,29.97002997,240,8,704684
6076608135,4.4,960,540,yuv420p,29.97002997,240,8,1638438
7518773518,4.32,960,540,yuv420p,23.97602398,192,8,1810853
